Threads;Iterations;Calculated;Time[µs]
1;1;4;53
1;10;3.3045183262483184;23
1;100;3.1604170317790454;29
1;1000;3.1435554669110277;48
1;10000;3.1417914776154685;238
1;100000;3.1416126164019835;2418
1;1000000;3.1415946524137857;23293
1;10000000;3.141592853552536;221872
